thread_id,timestamp,user_query,response
1,22:51:44,hello,Hello! How can I assist you today?
1,22:53:13,"hello
",Hello! How can I assist you today?
1,22:53:40,how do i upload PDF?,"It seems that I can't directly assist with uploading files like PDFs. However, I can guide you on how to upload a PDF to various platforms or services. Could you please specify where you would like to upload the PDF (e.g., email, cloud storage, website)?"
1,22:55:34,hello,Hello again! How can I help you today?
1,22:56:13,"can you answer questions about database ?
","Yes, I can help with questions about databases! What specific questions do you have?"
1,22:57:29,"In the stories, who is lily?","It seems that there are no specific stories or information available about a character named Lily in the database. If you have more context or details about the story or the character, I might be able to help you better!"
1,22:58:07,Give me the table names in chinook database,"The Chinook database contains the following tables:

1. Album
2. Artist
3. Customer
4. Employee
5. Genre
6. Invoice
7. InvoiceLine
8. MediaType
9. Playlist
10. PlaylistTrack
11. Track

If you need more information about any specific table, feel free to ask!"
1,22:58:49,select the first row from table Album and show me the result?,"The first row from the ""Album"" table is as follows:

- **AlbumId**: 1
- **Title**: For Those About To Rock We Salute You
- **ArtistId**: 1

If you have any more questions or need further information, let me know!"
1,22:59:29,"In the stories, who is fred?","It appears that there is no specific information available about a character named Fred in the stories database. If you have more context or details about the story or the character, please share, and I'll do my best to assist you!"
1,22:59:43,"Based on the airline policy, can I cancel my ticket 10 hours before the flight?","It seems that I couldn't retrieve specific information regarding the airline policy on canceling a ticket 10 hours before a flight. Airline policies can vary widely, so I recommend checking directly with the airline's official website or contacting their customer service for the most accurate and up-to-date information regarding cancellations. If you have any other questions or need assistance with something else, feel free to ask!"
1,23:00:07,What are all the genres of Alanis Morisette songs?,"The genre of Alanis Morissette's songs in the Chinook database is:

- **Rock**

If you have any more questions or need further information, feel free to ask!"
1,23:27:41,"Based on the airline policy, do I need to reconfirm my flight?","It seems that I couldn't retrieve specific information regarding the need to reconfirm a flight based on the airline policy. Generally, many airlines do not require passengers to reconfirm their flights, but it's always a good practice to check with the airline directly or refer to their official website for specific policies. If you have any other questions or need assistance with something else, feel free to ask!"
1,23:51:16,hello,Hello! How can I assist you today?
1,23:51:37,show me all the table names?,"Here are the table names from the databases:

### Travel Database
- The specific table names were not retrieved, but the query to show them is available.

### Chinook Database
- Album
- Artist
- Customer
- Employee
- Genre
- Invoice
- InvoiceLine
- MediaType
- Playlist
- PlaylistTrack
- Track

If you need more information about any specific table, feel free to ask!"
1,23:51:59,show me the airline policy,"It seems that there is no specific information available regarding the airline policy at this moment. If you have a particular aspect of the airline policy you would like to know about (such as baggage policy, cancellation policy, etc.), please let me know, and I can try to assist you further!"
1,23:52:21,what about the story collections?,"It appears that there are no specific story collections available at this time. If you're looking for stories on a particular theme or topic, please let me know, and I can help you find something related!"
